-2.334783625208928e-5,4.277126283125261e-7,-6.804890879971638e-6,7.220043866008429e-9,1.3563119099764358,0.0015307277459025576,-6.804812819403709e-6,1.021437111875721e-8,-6.804968940541752e-6,1.0206996682642631e-8,-5.8922690768580766e-5,3.942695926288422e-6,-1.8818662740423923e-5,5.08790875758049e-7,0.7920199876263072,0.26125965085241465,-1.8794108728019172e-5,7.209691344838145e-7,-1.884321675282844e-5,7.182025520816546e-7,-0.12137160783282824,0.0005705230452506445,0.022372864275399112,0.0003872141698499262,0.19058060774388863,0.0006805840366228958,0.14475435949305426,0.0005674022940111141,0.38807559331886704,4.1778598763705866e-5,0.375123742483014,6.434651786754034e-5,-0.012951850835881948,6.760706215988406e-5,0.3090380413794752,0.0018130275279256512,0.31507177122695973,0.0022698305019529927,0.006033729847483135,0.002020807561604347,0.8142929818291078,0.0011431002651279035,0.573771735267071,0.0009588751379378298,0.3342628656921466,0.004790136087153294,1.0107149731654945,0.003931980959769853,308.1492153197807,0.017137203861819387,311.1492153197807,0.017137203861819387,308.12603269032843,0.09339242821672812,311.12603269032843,0.09339242821672812,-0.00046359526025101895,8.972276911022248e-5,0.8721893491124261,0.9669112426035493,0.00037265084079100835,-0.1325020382556873,0.0005669009692238428,0.012104967621778541,0.00027882150372290335,NaN,NaN
-2.8803706665379244e-5,3.9047264549152066e-7,-9.105821157537133e-6,7.725698642688686e-9,1.2464273042442355,0.0011022829603856677,-9.106493947177843e-6,1.0926936346357113e-8,-9.105148367899492e-6,1.0924640427772779e-8,-6.901057454281467e-5,3.477720806362956e-6,-2.2876775592634014e-5,3.447131726357398e-7,1.0967789270521875,0.16756035922642307,-2.2876602097039048e-5,4.883318032269396e-7,-2.2876949088228868e-5,4.867223329254726e-7,-0.12448332440743329,0.0005729202924315501,0.025918000996982205,0.00038171532190667577,0.20620042707668068,0.0006871413956517454,0.15266212490276213,0.0005681041671059569,0.39727965437517887,3.988953071201248e-5,0.37948924574721843,6.295118684619168e-5,-0.017790408627984932,6.675876959531552e-5,0.31391488188362704,0.001724236063785312,0.31784693328912894,0.0021630124960406874,0.003932051405500829,0.001949947945070478,0.816998492313248,0.0011436163819288296,0.5741886380780837,0.0009628119500728137,0.3350183591206536,0.00482580869827903,1.0066771317921515,0.003788958138619786,308.1644346766147,0.017189415444063317,311.1644346766147,0.017189415444063317,308.2414550703155,0.09480279009305236,311.2414550703155,0.09480279009305236,-0.000714638567825125,8.666301581540506e-5,0.8911242603550296,0.9654556213017743,0.00038324507222156835,-0.13798415638045497,0.0005679881724597025,0.014508055281505523,0.00032750266580331897,NaN,NaN
-3.9192330580734614e-5,5.146713481490534e-7,-1.2948121133656566e-5,1.0262120646111006e-8,1.1648334879068072,0.0007702405848048628,-1.2947893093777866e-5,1.4515529726321451e-8,-1.2948349173533488e-5,1.4510131898634473e-8,-9.751440704185067e-5,6.093326501616851e-6,-3.192149175889585e-5,5.09298376520736e-7,0.9590305130105372,0.1065728832237191,-3.190638630248847e-5,7.207032108487868e-7,-3.19365972153034e-5,7.198976200997942e-7,-0.12701965120626074,0.0005688257661329904,0.03023290038287295,0.00044397740238309366,0.22690734628288434,0.0007024814632814387,0.16077933237979675,0.0005629942420851409,0.40552462307309156,3.802118349540068e-5,0.3829669908212963,6.151575832960584e-5,-0.02255763225173508,6.575151864963423e-5,0.31270822546730614,0.0017399996406176294,0.316642287933873,0.0021612878349706426,0.0039340624665677205,0.001932062453353622,0.8139381001070357,0.001150470488782208,0.5741439575215402,0.0009625111306142468,0.32981483936683403,0.004964017585358462,1.0055859645239333,0.003879290590771789,308.1464868724961,0.0172874993349004,311.1464868724961,0.0172874993349004,308.12383128898017,0.09153508475424613,311.12383128898017,0.09153508475424613,-0.0008470566446770424,9.753807765882817e-5,0.9112426035502958,0.9655621301775138,0.00039176366417228244,-0.14319647625241805,0.00056273023333607,0.017378762350552385,0.0003887578443175286,NaN,NaN
-4.958916111818835e-5,6.344276431882476e-7,-1.7733586604560212e-5,1.425848448197867e-8,1.2133801912440623,0.017841902632116026,-1.773399146001324e-5,2.0165585002007534e-8,-1.7733181749107414e-5,2.0163501619279397e-8,-0.00010304928624122711,5.854623333945411e-6,-3.797986870194507e-5,4.7002152002906115e-7,3.74134318603514,2.683645320108186,-3.795210829845196e-5,6.635910537391561e-7,-3.800762910543751e-5,6.65899842376187e-7,-0.1279184067638311,0.0005495606066950559,0.0346438525584941,0.00043980541968457077,0.24744353199009905,0.0006950400653909145,0.1690341305785875,0.0005410482217083047,0.4150300850815619,3.579138303767125e-5,0.38675620339898675,5.9759888845442135e-5,-0.028273881682541368,6.437465719325108e-5,0.3120128158771766,0.0016124603877326876,0.3178022944802623,0.002036154213030085,0.005789478603085671,0.001832752321552281,0.8127562066388008,0.0011474930546220168,0.5736967852015536,0.0009590538120114603,0.34637898981940723,0.004792930378912466,1.0110118058251816,0.0036855369789620335,308.13039075918647,0.017164459436885233,311.13039075918647,0.017164459436885233,308.1754279602392,0.08987969392700602,311.17542796023923,0.08987969392700602,-0.0012840217729398577,6.870685556499994e-5,0.9420118343195266,0.9636094674556206,0.0004065752866645312,-0.1477942528317033,0.0005412233181018061,0.021021009159119017,0.0004589423604538083,NaN,NaN
-6.673919789959114e-5,6.294049541922451e-7,-2.5352977435917785e-5,1.535764754181996e-8,0.9840439838217083,0.0008430319149705606,-2.5350072820261912e-5,2.1715700455181653e-8,-2.5355882051567775e-5,2.1722288428200275e-8,-0.00013614049914384681,5.630752987672114e-6,-5.1636250999984935e-5,6.193115263441943e-7,0.7069640361235897,0.10447587657617505,-5.1573463971888554e-5,8.738578453929674e-7,-5.1699038028081444e-5,8.77902916322554e-7,-0.12895407087801514,0.0005448709272383891,0.04063667184417438,0.0004812883314919205,0.2692349026708027,0.0006889194307019877,0.17905865541342328,0.0005336970927596886,0.42441810657711665,3.346617775423244e-5,0.39009479552496706,5.779984148538138e-5,-0.03432331105213443,6.267030243146764e-5,0.3136634156570381,0.0015661531413650542,0.31821766412306934,0.0019645400519451685,0.004554248466033114,0.0017652219818785671,0.8140927417834307,0.0011437616628621936,0.5729273625262493,0.0009603374868490089,0.35100427204172346,0.004769559583192349,1.0081454256509657,0.0037496131840513446,308.14846951650856,0.01716060772534205,311.14846951650856,0.01716060772534205,308.1642633614046,0.08772258959566111,311.1642633614046,0.08772258959566111,-0.0014091739222246605,7.335386881522617e-5,0.9325443786982248,0.9626035502958568,0.0004110018944084256,-0.1531719730835401,0.0005342254899331837,0.025646967832727574,0.0005553223201762788,NaN,NaN
-8.83204932443752e-5,7.659950559351639e-7,-3.524327954370593e-5,1.818632683452658e-8,0.9295771036302143,0.0004448123740269049,-3.5243283790161185e-5,2.571866784728556e-8,-3.524327529725121e-5,2.5720035327268106e-8,-0.0001672863236399139,7.036840365347903e-6,-6.681775270197865e-5,7.487731127873664e-7,0.8481912104822075,0.03201588421625326,-6.685864041511467e-5,1.058705678928854e-6,-6.677686498884337e-5,1.0592439021726187e-6,-0.13009957571905525,0.0005424847099253294,0.046016687513707195,0.0005020361136272326,0.29520156831324107,0.000694584269428698,0.1898577046169402,0.0005280335589193154,0.433234247787197,3.121905845424874e-5,0.3927082505668174,5.567033634979757e-5,-0.04052599722039148,6.0658765738550965e-5,0.3115266025775348,0.0015313276155403874,0.3158275632639187,0.0019073349192972964,0.004300960686383702,0.0017092384691584947,0.8138085189820777,0.0011442475900962465,0.5725367854190613,0.0009638598644280754,0.3539168222074733,0.004746886786540579,1.009819852841049,0.003565676949941041,308.15878139979196,0.01709975806239143,311.15878139979196,0.01709975806239143,308.1483578722225,0.08779885833507912,311.1483578722225,0.08779885833507912,-0.0014859350526860609,0.00010223201471862918,0.9266272189349113,0.9615976331360938,0.00044297204028975203,-0.15897895334051199,0.0005290435996113548,0.030594632243005643,0.0006536697074837328,NaN,NaN
-0.00011707319178018586,8.900354565121962e-7,-4.91971742369127e-5,2.4300438177181707e-8,0.8790063928178093,0.0006284292210929239,-4.919513799361461e-5,3.4366250168330585e-8,-4.919921048020209e-5,3.4365772392791384e-8,-0.00019854218053610398,7.67850509448328e-6,-8.121274318513154e-5,8.833145409458795e-7,0.9753389114936672,0.08764195354928629,-8.124452307539278e-5,1.249997359310559e-6,-8.118096329487004e-5,1.248503895027746e-6,-0.12632031364561697,0.0005264934110800744,0.052192386224369135,0.0005194232830742127,0.3230873759170192,0.0006805228130889604,0.19853829207655646,0.0005084313024590135,0.44200784199874615,2.89079671114591e-5,0.3948837210615232,5.325026399838492e-5,-0.04712412093724538,5.825703514127749e-5,0.3179278252746972,0.001459908274838703,0.32162918641979044,0.0018435127340356524,0.0037013611450943773,0.001670422061027866,0.8144165013504115,0.0011429429706625908,0.576854750752006,0.0009611104586964771,0.3707571764819428,0.004631405184946309,1.0203329840298372,0.0034951947253164797,308.1651523111966,0.01719230045647943,311.16515231119666,0.01719230045647943,308.2215437325079,0.08466108621310185,311.2215437325079,0.08466108621310185,-0.0018012271640909072,0.00010810027238567517,0.9609467455621302,0.9603195266272184,0.0004269677054947465,-0.1613482224148815,0.0005097439782736622,0.03691161681321178,0.0007755774492887121,NaN,NaN
-0.00016261918250798135,1.089851452915032e-6,-7.170534678485801e-5,3.269591219026028e-8,0.8270747432180668,0.0004051911416745639,-7.17044690217198e-5,4.6244828417446364e-8,-7.170622454800841e-5,4.623318127972316e-8,-0.00024998419546784154,7.496604281624591e-6,-0.00010600381027679585,8.515112042185648e-7,0.7715575663525626,0.03593023454763446,-0.00010599588752449605,1.2030321334738645e-6,-0.00010601173302909707,1.2054966578273322e-6,-0.12325336173160306,0.000524286187253599,0.060521969069686474,0.0005270140724907435,0.3559880000104416,0.0006792799873879733,0.21125248843767597,0.0005010632712118523,0.45056617750934624,2.6755737061158127e-5,0.3965920730090161,5.061604581505579e-5,-0.05397410450027048,5.553985078907225e-5,0.31329520080208717,0.0013516060177512855,0.3190802650883708,0.0017219339705403978,0.005785064286284679,0.0015608343346125862,0.8131085015879951,0.0011454488017535926,0.5752213973817685,0.0009595057224108389,0.3801684056015548,0.004563197483047361,1.0186753514440763,0.0033682009789353573,308.1317215130067,0.01715124294337671,311.1317215130067,0.01715124294337671,308.2027678046692,0.08244445900346803,311.2027678046692,0.08244445900346803,-0.001903695054783205,9.183525172668196e-5,0.9597633136094674,0.9577159763313604,0.0004525987948980539,-0.16601324635861084,0.0005032241172716282,0.04490967382148249,0.0009198725161543874,NaN,NaN
-0.0002101552992708571,1.1222902776779751e-6,-9.710852108821197e-5,3.602402418306692e-8,0.789243113177945,0.00046645530804554665,-9.710441399984811e-5,5.094211231994089e-8,-9.711262817655605e-5,5.0949220584819134e-8,-0.00030039817483043984,7.746538690200364e-6,-0.00013334804210927913,9.425514082798989e-7,0.8670954951186789,0.05214010219639709,-0.00013328577279170763,1.3320567107193713e-6,-0.000133410311426853,1.3339768477335293e-6,-0.1184187845892005,0.000523122108409516,0.06969498061928452,0.000567549407728107,0.3913423317742393,0.000669558296462135,0.224638047392188,0.0004956668520438776,0.45866064154063163,2.4665617696682424e-5,0.397829353296915,4.763646493576629e-5,-0.06083128824376444,5.240126285417742e-5,0.31997860735084915,0.0013151827240135698,0.3235034790036132,0.0016630749931691145,0.0035248716527664205,0.001512991624092733,0.8141260514301486,0.001148510688739745,0.5754139252876045,0.0009637725462238298,0.38839868093598046,0.004613932665848918,1.0229072800671704,0.0032725712682821965,308.1571238392504,0.01724198775234975,311.15712383925035,0.01724198775234975,308.29530945121945,0.08230885790497111,311.29530945121945,0.08230885790497111,-0.002347610304557489,8.798379610619282e-5,0.9727810650887574,0.9565443786982241,0.00045878016738404873,-0.1702485620237918,0.0004980473822866653,0.054004313233766074,0.001084821790911375,NaN,NaN
-0.00028520813505438696,1.3761433959568366e-6,-0.00013718740682885835,4.653400881151911e-8,0.7505797315038854,0.00022255760492539855,-0.0001371918497285723,6.581686822480895e-8,-0.0001371829639291141,6.580119138224932e-8,-0.00037633263836680424,7.983266414672717e-6,-0.00017610458716940203,1.1603058267136084e-6,0.7776298392702754,0.015621447295523016,-0.00017611805636127576,1.640598098210877e-6,-0.00017609111797752864,1.6413477176010076e-6,-0.11071429744886102,0.00051953351499084,0.08066418574299647,0.0005704937165208469,0.430408935096218,0.0006481939603706994,0.2397539793259086,0.0004870077293539091,0.46650330024963466,2.259066083182656e-5,0.3986554181041977,4.4166834267817634e-5,-0.06784788214541704,4.870415824415259e-5,0.32377010611313195,0.0012321580253780863,0.32599183960009903,0.0015634142317685741,0.0022217334869663904,0.0014340610297895356,0.8153170630904433,0.0011447692368417015,0.5736054508672728,0.000966874501851905,0.41053967496014065,0.0045024773172799085,1.0248345778479695,0.00317325068060758,308.1721542008957,0.017201166068818833,311.1721542008957,0.017201166068818833,308.0981692481035,0.08038596845390754,311.0981692481035,0.08038596845390754,-0.0024635791336899424,9.094284965502654e-5,0.9763313609467456,0.9541301775147927,0.00048257688672562985,-0.17386316197944562,0.000489709753466933,0.06547718415744753,0.0012818202440782634,NaN,NaN
-0.00038352262779770707,1.5757519054496942e-6,-0.00019154595445747114,5.557587555608935e-8,0.7212079876384869,0.00033401617738382515,-0.00019154523049026028,7.860599155912476e-8,-0.00019154667842466607,7.858633050936214e-8,-0.00047379790999089853,9.164867309688065e-6,-0.00022943247690700137,1.2080064311141346e-6,0.8190710967324158,0.03995775943865326,-0.00022928659155579948,1.7093634791563268e-6,-0.00022957836225819813,1.7074894670123347e-6,-0.0972638590306132,0.0005071796736369053,0.09363011257448395,0.0005860671064852566,0.47562634085662137,0.0006241363696711837,0.2538067802035058,0.00046719983528898334,0.47436381053505217,2.0761444914094587e-5,0.3991569804473741,4.0298895183371e-5,-0.07520683008762909,4.462694429603328e-5,0.32546356967126977,0.0011464649376999594,0.3281896744354769,0.0014664523214011887,0.00272610476420312,0.0013505292068566746,0.8142539027431063,0.0011401460346741154,0.5751966397565127,0.0009602491505729984,0.42365529445159505,0.0043174492619673455,1.0262466359353197,0.0030420446766815795,308.1383934278845,0.017172910947593496,311.1383934278845,0.017172910947593496,307.9677596056454,0.07732968808799237,310.9677596056454,0.07732968808799237,-0.0027201039042850507,9.218376640303971e-5,0.9893491124260355,0.9511715976331353,0.00048032625358622005,-0.17413364325270062,0.0004710264619588489,0.07922612589092184,0.0015078188033826293,NaN,NaN
-0.0005267964316509495,1.925646386188966e-6,-0.0002717646961096064,7.008833150034643e-8,0.696935035423071,0.00018481927240096067,-0.00027176174114470797,9.913262714157363e-8,-0.0002717676510746343,9.91071209889527e-8,-0.000591169923100173,1.0760688220551198e-5,-0.00029196058852792314,1.3089013889382118e-6,0.7171789883609933,0.010066624129296386,-0.00029189122832241644,1.850123132682073e-6,-0.00029202994873342664,1.8521006944783477e-6,-0.08200857103982863,0.0004999908038086454,0.10688279702258417,0.0005813003030363046,0.5266874932582112,0.0006020968639018103,0.27113704190199855,0.00045512284041485877,0.48099731178428506,1.949221117988197e-5,0.39933621556826,3.646092097304753e-5,-0.08166109621597661,4.068159900716916e-5,0.3285267169895379,0.001086615134371074,0.3288865570570457,0.001372838819627913,0.00035984006750861957,0.0012609164330104833,0.8140123583535597,0.0011494761107028635,0.5740816343117767,0.0009630692787307812,0.4433273135436007,0.004301870211514708,1.0324767282996203,0.002848510555278247,308.1513558695984,0.017202740221084974,311.1513558695984,0.017202740221084974,308.05237283501685,0.07435183675666591,311.0523728350169,0.07435183675666591,-0.0027642902583688567,9.941440718113e-5,0.9940828402366864,0.9485443786982244,0.0005302345124662225,-0.17506756057522566,0.0004587828752703196,0.09558044129619385,0.0017711255770975327,NaN,NaN
-0.000721293597346222,2.4034820299155607e-6,-0.00038233496560301087,9.19294498294604e-8,0.6741397326729339,0.000160141534012604,-0.0003823203237888889,1.299990861965182e-7,-0.0003823496074171458,1.3001667781574057e-7,-0.0007583516238063513,1.299238334823892e-5,-0.0003815605973615906,1.4440427161187557e-6,0.6913163054007708,0.005456591627487933,-0.0003812861219187198,2.0427043897813715e-6,-0.00038183507280446457,2.041749428586216e-6,-0.05941794454015514,0.00048811256224269437,0.12471014135324468,0.00058467991175625,0.582776768176719,0.0005620912792061091,0.28908570133883477,0.00043844606041601263,0.4870349328435258,1.8326479497133585e-5,0.39929629505077585,3.196108668504384e-5,-0.08773863779274438,3.6165243424453334e-5,0.3308169194538478,0.0009865620242813823,0.33247498658033176,0.001273672876280531,0.0016580671264837777,0.0011861835867603811,0.8149288974416437,0.0011462154818991255,0.5737422812117661,0.0009580286805978075,0.46556122142684553,0.004210102198759826,1.031030568838441,0.0026965876929865703,308.1600059085213,0.017165320986553503,311.1600059085213,0.017165320986553503,308.1549280818285,0.07350312632557975,311.1549280818284,0.07350312632557975,-0.002849042977069117,9.850459989501484e-5,0.9976331360946745,0.9446508875739635,0.0005465283100003038,-0.17279449999277974,0.0004418063862492901,0.1157451715599038,0.0020740275617039013,NaN,NaN
-0.0009687659216360333,2.462166205349261e-6,-0.0005281037079965662,9.833379342256941e-8,0.6536401460786283,0.00010739912740581351,-0.0005281144589136428,1.3906092111798053e-7,-0.0005280929570795807,1.3906906378333403e-7,-0.0009435364940869246,1.0591071194751308e-5,-0.0004989606382214919,1.585004451665399e-6,0.6636533211967701,0.002739988777167866,-0.0004989926860446679,2.2435860601649485e-6,-0.0004989285903983013,2.2395653376377324e-6,-0.03140005852778162,0.00047250986456341264,0.1439453123497762,0.0005669550069279009,0.6465937849942495,0.0005103529768601372,0.3087629368716964,0.0004232149896484582,0.4925252265363771,1.7660096836104216e-5,0.39899636310944764,2.7042537781608053e-5,-0.0935288634269153,3.149169079346329e-5,0.32893631407112583,0.0009273880441365624,0.33092653447549447,0.0011926487765026956,0.001990220404371002,0.0011060465326604009,0.8144337155831886,0.001139840695862217,0.5741118091674897,0.0009622466057453648,0.5032616338006735,0.004113550000622231,1.0359261645025117,0.002492190663350201,308.1595485050677,0.01718629947004288,311.1595485050677,0.01718629947004288,308.2243470914804,0.07116952539975001,311.2243470914804,0.07116952539975001,-0.002811743264258376,0.00010114861469412214,0.9988165680473373,0.9408757396449698,0.0005623720368050436,-0.1687818411523779,0.000424373654951164,0.1393989713743217,0.002428358726063464,NaN,NaN
-0.0013042449631425132,2.8103735584124024e-6,-0.0007263447098998109,1.1478589723691295e-7,0.6395498695410441,8.971115182906101e-5,-0.0007263397944110584,1.6231638740988026e-7,-0.0007263496253885624,1.6234717578279602e-7,-0.0012140445475215885,1.201572484476408e-5,-0.0006494183169951236,1.6163184316207654e-6,0.6473466902849416,0.0017901371817027453,-0.0006495154949589992,2.286430994555885e-6,-0.0006493211390312546,2.285277005405145e-6,0.0013219769871591863,0.00045496108124179165,0.16688770282510113,0.0005564573857967652,0.7190080209780494,0.000454727355838975,0.33044649460389824,0.0004036822313583477,0.49688662934608746,1.730795941581842e-5,0.39871303462058777,2.2330057330183886e-5,-0.09817359472550984,2.728838447116357e-5,0.3294992005142959,0.0008360677198452091,0.3315398233602774,0.0010792272297676612,0.0020406228459832745,0.0009975546570947106,0.813827875633111,0.001152694325721276,0.573201580678375,0.0009626241106620206,0.5207387451413689,0.004123291220784758,1.0381312069512456,0.0023430113787103494,308.14214582324354,0.017175362176614747,311.14214582324354,0.017175362176614747,308.009963630251,0.06746634354488898,311.009963630251,0.06746634354488898,-0.0025994001700006203,9.533852209633853e-5,1.0,0.9348165680473366,0.0005914699844824998,-0.16345996065978924,0.00040389504711837494,0.166319332737726,0.0027637606486346396,NaN,NaN
-0.0017939434855660217,3.348439495274895e-6,-0.0010148344377641529,1.4289599126181953e-7,0.6291658213517273,7.763164854473887e-5,-0.001014833119776742,2.0207535054530558e-7,-0.001014835755751453,2.020955708062865e-7,-0.0015685669506641014,1.2842073766086804e-5,-0.0008519030206864789,1.7588246528109911e-6,0.6345323007383157,0.00145630689452892,-0.0008520702014551833,2.486476068490926e-6,-0.0008517358399177602,2.488294270233624e-6,0.04417980696199664,0.00042518839663825784,0.1924846345884904,0.0005302616941296915,0.7995685617953264,0.0003717871730172455,0.3533425080014659,0.0003812618388039811,0.5005516061266451,1.7220018313652035e-5,0.3983259058297648,1.714201059271597e-5,-0.1022257002969015,2.3115922769852532e-5,0.32937594256310504,0.0007717123375208718,0.33113559933545583,0.0009925104100001563,0.001759656772349017,0.0009207128375014699,0.8142259966778745,0.0011447616757306127,0.5738952887606034,0.000963789825037219,0.5683708105142952,0.004034294512796563,1.0433306908878537,0.0021650797794872108,308.12883451128806,0.017151825224346873,311.12883451128806,0.017151825224346873,308.203800245426,0.06519021024151393,311.203800245426,0.06519021024151393,-0.0024092571418244404,8.020444086694174e-5,1.0,0.9293727810650877,0.0006209278840373027,-0.15358837736597689,0.0003763588461758026,0.1990326707665942,0.003205726658829201,NaN,NaN
-0.0023836363412185974,3.477341248294191e-6,-0.0013710476822572327,1.528554667425467e-7,0.6201124144341207,6.463749093688083e-5,-0.0013710741781307293,2.1616698651487e-7,-0.0013710211863835586,2.1617358679938077e-7,-0.002007927317526836,1.3058968096958798e-5,-0.0011185615384585543,1.744368308908264e-6,0.6231069384310518,0.0010651557831513512,-0.0011188344246887152,2.4669444767637226e-6,-0.001118288652228415,2.46692226721138e-6,0.09540245146558218,0.00038619619808338834,0.2236860120432228,0.00047875434460219684,0.8906648079264265,0.0002716004952551229,0.37835162221338575,0.00035318399343061226,0.5031127946258945,1.7183553021292363e-5,0.39810113981112044,1.2129567738293713e-5,-0.10501165481481403,1.9651923933711076e-5,0.33452265014768134,0.0006724295319270518,0.33543208189604234,0.0008741220357484462,0.0009094317483678061,0.0008198506708104793,0.8145346398558713,0.0011437455846255882,0.5741050692848555,0.0009632833838897613,0.6279012783994328,0.003942056062296053,1.0440923658097232,0.0018854310212491118,308.14880771593505,0.01717807469228544,311.14880771593505,0.01717807469228544,308.17888826119145,0.05985449890708489,311.17888826119145,0.05985449890708489,-0.0020532802124744657,7.125902766174695e-5,1.0,0.920414201183431,0.0006733490201387693,-0.14100987765642378,0.00034287112970064255,0.23648035463698658,0.0035894924291533163,NaN,NaN
-0.003167861845445313,3.918235465560556e-6,-0.001839904418306097,1.7352602435068323e-7,0.6146899067496134,5.611492255538999e-5,-0.0018399114514483083,2.453826497748774e-7,-0.0018398973851643267,2.4542309196867373e-7,-0.0026056186494048165,1.4456615396013662e-5,-0.0014687887102609277,1.7536079574373892e-6,0.6143402586253905,0.0008067861672783017,-0.0014688173905407034,2.4773071057821924e-6,-0.0014687600299811616,2.482681359473836e-6,0.1536420017478928,0.0003400937056846376,0.25955764726076325,0.00042302319862999116,0.9933737763742687,0.0001480319808711563,0.4056100238704723,0.0003219516077127832,0.5047659003735581,1.7293419298194075e-5,0.39793509879307565,7.821668225889939e-6,-0.10683080158054066,1.7399609000112283e-5,0.3366358962846187,0.0005948264461642396,0.3373152934209162,0.0007774772794748315,0.0006793971362990808,0.0007328006960861203,0.8154117489172013,0.0011431240942006407,0.5742945656613311,0.0009618151934453259,0.70887453621765,0.0037581613561777664,1.0451140323900607,0.001638868196184418,308.1323187634663,0.017198722649170807,311.1323187634663,0.017198722649170807,308.1464197687226,0.05636962127994591,311.1464197687226,0.05636962127994591,-0.0018474979514859929,6.496137301506541e-5,1.0,0.9106627218934904,0.00070833404202372,-0.12618885968435373,0.0003049496514140314,0.2784864137851924,0.003982556415023712,NaN,NaN
-0.004153089563050177,4.3849713530376355e-6,-0.0024260580772065363,1.9579981223699752e-7,0.6117227976897492,5.087764475931171e-5,-0.0024260950747002938,2.768755478036368e-7,-0.002426021079712459,2.769299813912939e-7,-0.0034780780262553736,1.536266529577468e-5,-0.001972902271615047,1.8189754397543604e-6,0.6071651760446803,0.0006272370512547049,-0.0019729562866449136,2.571241888237258e-6,-0.0019728482565851044,2.573628816214337e-6,0.21627344023497055,0.00029986679864695237,0.30359225288253205,0.00039607665000541845,1.109466830276402,4.6940169824947366e-5,0.43565680969379117,0.00028658960075561357,0.5048774663005162,1.7300623274357974e-5,0.3978527997100401,5.956782722115867e-6,-0.1070246665904869,1.6665455745185088e-5,0.3364642198351034,0.0005241812518435631,0.3380775972942874,0.0006909079533156455,0.0016133774591811309,0.0006515251644675403,0.8151225123466708,0.0011463831107028167,0.5733173485658933,0.0009614407413565771,0.8273362458873471,0.0036027105779905515,1.0337688791812005,0.0015396970067381912,308.1601232009824,0.017228282223208723,311.16012320098247,0.017228282223208723,308.2541417134999,0.053146434012877115,311.2541417134999,0.053146434012877115,-0.0015745035637981578,5.6999865227843495e-5,1.0,0.8995976331360936,0.0007641678033894849,-0.1107035267588516,0.00026539589250559084,0.3239072064630586,0.004372032061487706,NaN,NaN
-0.005211660988602672,5.1879423809916155e-6,-0.0030539008924789558,2.2902114597474047e-7,0.6114828627041885,4.9003031190545154e-5,-0.0030538661758508375,3.239053969112759e-7,-0.0030539356091063836,3.2386426102505554e-7,-0.004696584334657346,1.7407889691099382e-5,-0.002681641895152783,2.026753904827664e-6,0.603745403353687,0.0005126509160123308,-0.0026816239340947154,2.8680652895017373e-6,-0.002681659856210889,2.8644888825222703e-6,0.2726243930744351,0.0002859710943431673,0.3573061892885444,0.0003950648482489751,1.2401009220535997,0.00021683849335347305,0.4682920828936098,0.0002457519343734561,0.5045308987735869,1.727595603087414e-5,0.3980208880285339,8.466584294046638e-6,-0.10651001074507932,1.7707488602872715e-5,0.34274211646582914,0.00047003189208776806,0.3426167720508946,0.0006271199503733786,-0.00012534441493273815,0.0005973156712545703,0.814301518621985,0.0011436979830212488,0.5720201641513999,0.0009645090746085118,0.9804486285377003,0.003334891917766401,1.0012862789710388,0.0016769739997536375,308.15294175407723,0.017188781768105375,311.15294175407723,0.017188781768105375,308.27167492149357,0.050294660932128504,311.27167492149357,0.050294660932128504,-0.0015142001048388419,5.467267641663799e-5,1.0,0.8900118343195262,0.0007491920376254893,-0.09986821868184191,0.00022943379403292133,0.3671998744982724,0.0046934356960132975,NaN,NaN
-0.00630342578787623,6.5698678130339775e-6,-0.003684538133124144,2.872661673751548e-7,0.6128569894425373,5.1482930178730074e-5,-0.0036844117727805213,4.0624824434022885e-7,-0.00368466449346876,4.0626321451448993e-7,-0.006544350167314734,2.0985506782673643e-5,-0.0037558285242248594,2.4300009940454984e-6,0.6013708623254026,0.00044658021974912604,-0.0037558624861979495,3.4373909218991216e-6,-0.0037557945622517007,3.435721703774846e-6,0.31505373912470186,0.00032904047202580636,0.4249208896414155,0.00042403278391104206,1.3884099794352485,0.000455720561859428,0.503157866915473,0.00019657949404126916,0.5028601434332512,1.7210398755406708e-5,0.39815997716109003,1.2898516968964211e-5,-0.10470016627206763,2.0155713342667985e-5,0.3439966465652303,0.00044940723003984836,0.34320788170463,0.0005954120647324618,-0.0007887648605958119,0.0005686578358238462,0.8170309436896341,0.0011477095273648243,0.5728255194734723,0.000958523588415204,1.1507936635225167,0.002842023005804669,0.913492389610578,0.002127407669239742,308.1470889071009,0.01722460037538195,311.1470889071009,0.01722460037538195,308.4657252116204,0.0483141491668383,311.4657252116204,0.0483141491668383,-0.0014829779462028725,5.1963230707550405e-5,1.0,0.8847100591715972,0.0007901404943128936,-0.09712672907516269,0.00020962903065400442,0.4045741359927803,0.005054347816128206,NaN,NaN
-0.007261040231963697,8.477630443245787e-6,-0.004211751657057663,3.67587945939225e-7,0.6166707797109058,5.89891234818573e-5,-0.00421163421769208,5.19815706746655e-7,-0.004211869096423247,5.198800640847151e-7,-0.008814580868441581,2.5490675220362233e-5,-0.005068128628008297,3.0338482055584614e-6,0.5971361252571844,0.00042337818870691085,-0.005067558060077189,4.291239285697938e-6,-0.005068699195939377,4.28982159500399e-6,0.3304563316029818,0.00041889889151346907,0.4941787052334992,0.0004090818296044315,1.553868215438086,0.0007465678318761378,0.5412563155674083,0.00014300417397327455,0.499832305081958,1.7248834173720223e-5,0.39825417469906216,1.766712490918938e-5,-0.10157813038296258,2.3531557520015237e-5,0.3407585426006954,0.0004752636594150473,0.3406852969226749,0.0006252981525502196,-7.324567801494903e-5,0.0005920008997375347,0.8160994029925583,0.0011414917832690376,0.5736973770072794,0.0009641475141484934,1.279195171572566,0.002300118029955087,0.7927015246049987,0.002647700778911997,308.15034232167585,0.01718129974491431,311.15034232167585,0.01718129974491431,308.6839772898074,0.047998183488402416,311.6839772898074,0.047998183488402416,-0.0020213303352104375,7.609598287466974e-5,1.0,0.8899526627218928,0.0007931021738909596,-0.10899743448162913,0.00021781312978645691,0.4305242544391659,0.00550382344816715,NaN,NaN
-0.007976442988896937,1.1019448498465001e-5,-0.004573976813120118,4.764225759453418e-7,0.6255998453164544,7.214068881997927e-5,-0.0045740787524858155,6.737742875347749e-7,-0.004573874873754701,6.737523257849141e-7,-0.011197002414790871,3.16662458605984e-5,-0.006413870288436968,3.818477161866215e-6,0.5938646229330026,0.000437275383661241,-0.006413792342799339,5.3969557056137405e-6,-0.006413948234074516,5.40339472784411e-6,0.3161811752923027,0.0005394820272578675,0.5540274441901412,0.00031135845522375547,1.7393526046933154,0.0011172983940358368,0.5827095914137086,8.293648920388421e-5,0.49624199647852596,1.742763444680871e-5,0.3986084245332776,2.272827627975305e-5,-0.09763357194528413,2.767264502627776e-5,0.3400879075210387,0.0005217588177080244,0.3405053018518347,0.000690135934298146,0.00041739433078910343,0.0006556372737172672,0.8151087118223946,0.001150789951093584,0.5741802527278455,0.0009655586201613996,1.3539443479691193,0.0019837693495421745,0.6701102857021161,0.003032300050960108,308.1404779244251,0.0171827046371271,311.1404779244251,0.0171827046371271,308.8451585251039,0.0489600736455135,311.8451585251039,0.0489600736455135,-0.002760569421944956,0.00010358506870173994,1.0,0.9003786982248513,0.0007461717138849789,-0.1368501310945841,0.00025238514862744893,0.4437467042298038,0.005999076447458793,NaN,NaN
-0.008557482635117325,1.3855376874543578e-5,-0.004833935698282207,5.957265711125404e-7,0.6387947384662428,0.00018317109121060625,-0.004834021943859916,8.425238238656537e-7,-0.004833849452706588,8.424454655777187e-7,-0.013239583052264784,4.04717924304895e-5,-0.007591739224070661,5.032292430070996e-6,0.5948709840482789,0.0004977587912435213,-0.007591059542538345,7.119641168197877e-6,-0.007592418905603006,7.113941383898831e-6,0.2847945868434164,0.0006680545022504411,0.5998924022782604,0.0002598229772619632,1.9456128754257096,0.0015487605088214918,0.6277774646485396,3.885817815357977e-5,0.4920823245937479,1.7967730385550722e-5,0.3988236396693029,2.7330260797892092e-5,-0.09325868492442763,3.180322023508473e-5,0.3430987862711917,0.0005852432051984499,0.3420815575879616,0.0007738663783321114,-0.0010172286832271448,0.0007357616249586051,0.814622753572039,0.0011469015586094507,0.5723117767275833,0.0009628278492745248,1.381137069299271,0.0019117474550194736,0.5804872785367169,0.0032107262116726812,308.11861531870824,0.01721505302897562,311.1186153187082,0.01721505302897562,308.8677691168267,0.051679194259303125,311.8677691168267,0.051679194259303125,-0.004205264512742462,0.0001513578100563976,1.0,0.9110414201183424,0.0006937882154997825,-0.17461084848185363,0.0003049411394701779,0.4506482013344941,0.006377356085308288,NaN,NaN
-0.009000306387888804,1.7602504245053405e-5,-0.004970848339603659,7.325814669418573e-7,0.6538908775778328,0.0001250196884990816,-0.004970731455754472,1.036035083811776e-6,-0.0049709652234526044,1.0360183289976664e-6,-0.015365224735396296,5.952361011686137e-5,-0.00872351064978496,7.381775907224998e-6,0.5947584936256647,0.0006090915829138405,-0.008724457687760237,1.0444052701885179e-5,-0.00872256361180965,1.0434956041199104e-5,0.23423755070979543,0.0008049582556231427,0.6370105883480844,0.0004448670568403609,2.1803939876675686,0.002094832269972935,0.6766567217142161,9.468820833097937e-5,0.4867644888779075,1.8744412187726878e-5,0.39911111197312865,3.195869938621943e-5,-0.0876533769047798,3.619451140616432e-5,0.33240782153024556,0.0006599201761795852,0.3341306175302267,0.0008563752277239697,0.0017227959999810637,0.0007977583564934242,0.816292691164184,0.0011509095346698712,0.5734519524941069,0.0009583675590019486,1.3963069017069307,0.0020029221526685166,0.5132396247703654,0.0033769033604112587,308.1895845154253,0.01718762182301745,311.1895845154253,0.01718762182301745,309.0984466297398,0.05250348244949954,312.0984466297398,0.05250348244949954,-0.005497907355425779,0.0002048918252623493,1.0,0.9187810650887569,0.0007142632863162444,-0.22371446837571032,0.00037385936315847366,0.4502506321813097,0.006732327353869858,NaN,NaN
-0.009554144104435431,2.1523949974360796e-5,-0.0051653002749594955,8.819024451152751e-7,0.6708449503586759,0.00014950117368747203,-0.005165210558003907,1.2471406767704752e-6,-0.005165389991913877,1.2472562652410069e-6,-0.0171247754543386,8.464827248294419e-5,-0.00969286722484656,1.0641512387952273e-5,0.6047176873880761,0.000792309854073829,-0.009690944689469395,1.5057413458923245e-5,-0.009694789760223784,1.5041665327409216e-5,0.18241538041911254,0.0009391851918238239,0.665185402050701,0.0007751755965201973,2.433835167351489,0.0026965891285780433,0.7294941794383979,0.0001893523877689745,0.48127722584502974,1.971835032757759e-5,0.39906138682223385,3.5844860490453324e-5,-0.08221583902278942,4.0076915011029694e-5,0.3365279391599015,0.000725480226218402,0.33644457808263967,0.0009441070191521442,-8.336107725989328e-5,0.0008874768973518223,0.8165248739271846,0.0011393741755373766,0.574017435824582,0.0009632410536342767,1.3895751653217636,0.002143953914951756,0.4553814445018708,0.0034400729718682232,308.1418028320246,0.017153465125109325,311.1418028320246,0.017153465125109325,309.17592394601286,0.053827764958008326,312.17592394601286,0.053827764958008326,-0.0074624447412854665,0.00029057573837189596,1.0,0.9262603550295855,0.0006513620994591763,-0.2749926295733092,0.00045506204248282233,0.45157033512925476,0.00708482421555091,NaN,NaN
-0.009912110386640666,2.6000180977995402e-5,-0.00521267653527688,1.0326264599952519e-6,0.698245411498017,0.0001859663035880892,-0.005212749327772277,1.4602947571628088e-6,-0.005212603742783852,1.460414103281458e-6,-0.019071403780746746,0.0001160906820628172,-0.010636716859227324,1.6351563084601356e-5,0.6103834629179608,0.0010874333406942567,-0.01063870335292104,2.3140221065067384e-5,-0.010634730365533588,2.310966813859584e-5,0.11104699974505725,0.0010811110969289593,0.6906842933402579,0.0012111489552552707,2.7079775527154566,0.00348384829570989,0.7865859370060161,0.0003022464035441043,0.4741765347404318,0.0002900477217030006,0.3987600165473628,4.029690513801717e-5,-0.07541651819311822,0.0002928013709232804,0.3352644992185472,0.0008279607164671575,0.3354214786499655,0.0010740640114788997,0.00015697943141834142,0.0010036926237005908,0.8140063350750026,0.001146816426171433,0.5755633297324422,0.00095846960047353,1.3967274452195204,0.0025127525425047074,0.42754013916544004,0.003683534714209867,308.17934064242127,0.017192081086480567,311.17934064242127,0.017192081086480567,309.4800619126484,0.05698322453921205,312.4800619126484,0.05698322453921205,-0.010712258768991656,0.000434923971040682,1.0,0.9350059171597631,0.0006030073291384146,-0.338056567129985,0.000550282518634504,0.4452702064733896,0.007381861683036193,NaN,NaN
-0.010308537154090964,3.3536423146861096e-5,-0.005240744697611376,1.213245433017062e-6,0.7332502471051577,0.0002990522573340772,-0.005241108331840438,1.7158846885622546e-6,-0.005240381063382251,1.7156917844137879e-6,-0.02150697323478047,0.00016677678417097055,-0.011777356268293418,2.435419981351955e-5,0.6182238221358546,0.001383706087679026,-0.011784651310780192,3.44443856355503e-5,-0.011770061225806521,3.4440778677022895e-5,0.03612919539258286,0.0012335944957509205,0.7152779164336001,0.0016279352184645783,3.0018293518853256,0.00440409208673079,0.8473337833354829,0.0004366211245279043,0.46666002435890247,2.3653816170260908e-5,0.39795135067528564,4.385611442638775e-5,-0.06870867368365977,4.816529979461589e-5,0.32848939549615713,0.000886676485157378,0.3312109751168535,0.0011505264551055633,0.0027215796206979297,0.0010713936863524396,0.8129099372551506,0.0011458850294719788,0.5755848495830507,0.0009638975604184581,1.3907585407972438,0.002568010237464369,0.3993435257270393,0.0036850937348133,308.1628803169457,0.017259175356522036,311.1628803169457,0.017259175356522036,309.6775433312232,0.0573525395093103,312.6775433312232,0.0573525395093103,-0.012732156577806526,0.0004918311374629346,1.0,0.9388047337278104,0.000582868599700236,-0.40489775105885556,0.0006644088800302342,0.4390746428180888,0.007556008900832719,NaN,NaN
-0.0106064993018846,3.751063288918803e-5,-0.005217211998762049,1.3808189699628345e-6,0.7820024512474301,0.00044984312290802003,-0.00521718266649405,1.952732855786569e-6,-0.005217241331030009,1.952813205720313e-6,-0.023800733873084248,0.0002372891633654286,-0.012643437654508071,3.242847067386153e-5,0.6358786146265099,0.0027805288508068343,-0.01264584063974708,4.583783791531269e-5,-0.012641034669269018,4.588561432330139e-5,-0.0482359944671894,0.0013668092233915918,0.7334563107808056,0.0021245292318828692,3.3300448533063935,0.005498121652933384,0.9110786057127895,0.0005854018027810392,0.4586576355469111,5.2670578592256885e-5,0.3967983132727542,5.567260571156724e-5,-0.06185932227415238,7.512505336737903e-5,0.3282513596291714,0.0009769923381306117,0.32988719814586825,0.0012613730702305298,0.0016358385166947787,0.001162180120604903,0.8140157470537026,0.0011483400914640929,0.5735974127199436,0.0009651139122081793,1.3935705259297615,0.0028445891910821855,0.37321389758713647,0.003808510652689813,308.17686373048406,0.017224765533438994,311.17686373048406,0.017224765533438994,309.99901744105625,0.05859359947478927,312.99901744105625,0.05859359947478927,-0.015584243096092626,0.0005684053679067315,0.9988165680473373,0.9438579881656801,0.0005470424017885216,-0.47798341593209615,0.0007814439352521617,0.4294527244499438,0.007635352226809121,NaN,NaN
-0.01090147738340818,4.307018205602067e-5,-0.005167476075405055,1.5156677505927177e-6,0.8314557967496006,0.0005763676591387461,-0.005167876013565854,2.143626036066999e-6,-0.005167076137243269,2.1433299699769602e-6,-0.02557621300053458,0.00026544706029404974,-0.01357100844895977,3.979853286093998e-5,0.6468654512123092,0.0025154027200650847,-0.013577066613463851,5.6292381035398636e-5,-0.013564950284455847,5.6277386565578115e-5,-0.12889583589373127,0.0015242391863688881,0.7552560731845582,0.0025961012035374794,3.6663309225395264,0.006708305466094198,0.9776877001244472,0.000753316391235059,0.44945368014886045,2.83926772666031e-5,0.3950551396583772,5.03641119337412e-5,-0.05439854049044152,5.496951342469417e-5,0.3278958737210068,0.0010228998829547007,0.33060450790380574,0.0013201533148063437,0.0027086341828031378,0.0012261007561615508,0.8149813389189844,0.001149481924039919,0.5722775834149005,0.0009619048672063955,1.385795337957868,0.0028900082629368857,0.3541931383356863,0.003814578106791665,308.17017425141773,0.017185390818830238,311.17017425141773,0.017185390818830238,310.29278529743635,0.0591139721995193,313.29278529743635,0.0591139721995193,-0.017982661992575068,0.000630409283514343,0.9976331360946745,0.9462840236686383,0.0005278787052183364,-0.5510658420224193,0.00092424791017719,0.4224534352440608,0.007643409648000338,NaN,NaN
-0.011645774260535686,5.3706789690560465e-5,-0.0053018344343197755,1.8376268381533627e-6,0.9281633358599413,0.001089142520228662,-0.00530153443841157,2.598405945741162e-6,-0.00530213443022937,2.599187892011174e-6,-0.029075131122834743,0.00038324380837382807,-0.014895816955334075,5.1380197390501926e-5,0.6662912188219525,0.0036853001033919502,-0.01489222742838108,7.26910704735537e-5,-0.014899406482287133,7.263773374728806e-5,-0.21443721753387057,0.0016921929659444172,0.7776539562352278,0.003251046467477593,3.9967507401216285,0.008148358205187889,1.0491883285419659,0.0009517624913637851,0.4394641410706785,0.00014170609558464425,0.3923661445402108,8.652086195769644e-5,-0.047097996530521685,0.00016444286415257076,0.3218453520068282,0.001089094735143698,0.3258943127996004,0.0013950776476942144,0.004048960792770865,0.0012870329881405007,0.8139738976916933,0.0011489093990447513,0.5744206529373964,0.0009615902047533018,1.3764226397755817,0.003176879944163518,0.3439224693742001,0.003972986517802003,308.1389650755177,0.017190799000732282,311.1389650755177,0.017190799000732282,310.46034278075496,0.059985096842821196,313.46034278075496,0.059985096842821196,-0.020235807902275,0.0008556704209165952,0.9893491124260355,0.949053254437869,0.0005395834928030751,-0.6281165191027375,0.001087569868416954,0.41672404049674655,0.007826603657344494,NaN,NaN
